 'Bravada',1
 'Endeavor',2
 'Nitro',3
 'HHR Panel',4
 'Stylus',5
 'i-MiEV',2
 'GranSport',6
 'Truck Xtracab SR5',7
 'Model S',8
 'SSR',4
 'QX56',9
 'Ram 2500',3
 'Torino',10
 'MINI',11
 'Corvair 500',4
 'E250',10
 'Impala SS',4
 'G-Series G20',4
 'Avenger',3
 'LS',12
 'RVR',2
 '3500',4
 'GT350',13
 'Mystique',14
 'SLK55 AMG',15
 'Custom Cruiser',1
 'Interceptor',16
 'Yukon Denali',17
 'CL65 AMG',15
 'SL-Class',15
 'Sonic',4
 'Safari',18
 'Hombre',5
 'E150',10
 'A4',19
 'Imperial',20
 'Prowler',21
 'Mighty Max Macro',2
 'Camaro',4
 'Windstar',10
 'X6',22
 'XLR',23
 '323',24
 'Cutlass',1
 'Firebird Trans Am',18
 '4000',19
 'Coupe GT',19
 'GL-Class',15
 'xA',25
 'Cordia',2
 'XJ',26
 '5 Series',22
 'Aerio',27
 'Ram Van 1500',3
 'Roadrunner',21
 'Defender 110',28
 'Focus',10
 'Sportage',29
 'Terrain',17
 '600',22
 'Rapide',30
 'X-90',27
 'MX-3',24
 'Sienna',7
 'Sprinter 2500',15
 'Explorer Sport Trac',10
 'Sebring',20
 'Civic GX',31
 'Cultus',27
 'Montero Sport',2
 'G-Series 1500',4
 'Pajero',2
 'J',9
 'Z4',22
 'Rockette',32
 'H2 SUT',33
 'S-Type',26
 'xB',25
 'Charger',3
 'Silverado 3500HD',4
 'MKZ',12
 'V8 Vantage S',30
 '190E',15
 'Fox',34
 'Park Avenue',35
 'ZDX',36
 'Outlander Sport',2
 'Grand Marquis',14
 'Monaro',37
 'TT',19
 'Century',35
 'B-Series Plus',24
 'V40',38
 'Pathfinder',39
 'Astro',4
 'Allante',23
 '1000',18
 'NV2500',39
 'LS',40
 'Landaulet',41
 'Dakota Club',3
 'Esperante',42
 'Boxster',43
 'Prius',7
 'XC90',38
 'Ram Wagon B350',3
 'Crosstour',31
 'MX-5',24
 'Lancer Evolution',2
 'H2',33
 '1 Series',22
 '325',22
 'RX',40
 'E-Series',10
 'Ram 3500 Club',3
 '928',43
 'Optima',29
 'Lancer',2
 'Town & Country',20
 'Special',35
 'SM',44
 'Q5',19
 'GLI',34
 'Silhouette',1
 'Avanti',45
 'Reatta',35
 'Hemisfear',46
 'Justy',47
 'EV1',17
 'Aspen',20
 'Tahoe',4
 'Datsun/Nissan Z-car',39
 'HS',40
 'Phantom',48
 'Envoy',17
 'Sephia',29
 'Vandura G2500',17
 'Frontier',39
 'Lynx',14
 'S-Class',15
 'Metro',4
 'Fillmore',49
 'iQ',25
 'Caravan',3
 'Magnum',3
 '350Z',39
 'Accord',31
 'B2000',24
 'FR-S',25
 'Rally Wagon 2500',17
 'Sportvan G10',4
 'Probe',10
 'G5',18
 'H2',50
 'CR-V',31
 '745',22
 'Spectra',29
 'Lumina APV',4
 '430 Scuderia',51
 'Outlander',2
 'Transit Connect',10
 'H2 SUV',33
 'XC70',38
 'B-Series',24
 'Passport',31
 'Land Cruiser',7
 'Town Car',12
 'L-Series',52
 'Rodeo',5
 '545',22
 '164',53
 'X6 M',22
 'Express 1500',4
 'S4',19
 'I',9
 'LTD',10
 'Quattroporte',6
 'Samurai',27
 'Blackwood',12
 'Hombre Space',5
 'F350',10
 'DTS',23
 'Coupe',6
 'Amanti',29
 'Parisienne',18
 'Cirrus',20
 '9000',54
 'Freestyle',10
 'M5',22
 'Escort',10
 '760',22
 'G-Class',15
 'M Roadster',22
 'LHS',20
 'Festiva',10
 'XJ Series',26
 'Allroad',19
 'Yukon',17
 'Armada',39
 'Soul',29
 'Aries',3
 'Viper RT/10',3
 'Trans Sport',18
 'CLS-Class',15
 'K5 Blazer',4
 'Eldorado',23
 'Spider',53
 'Mini Cooper S',55
 '2500',17
 'Thunderbird',10
 'NX',39
 'R32',34
 '62',41
 'SVX',47
 'Echo',7
 'Pilot',31
 'B2600',24
 'Coachbuilder',35
 'Lemans',18
 'G35',9
 'Voyager',21
 'Navajo',24
 'GTI',34
 'Accord Crosstour',31
 'CX-9',24
 '9-4X',54
 'Omni',3
 'NV1500',39
 'Loyale',47
 'Club Wagon',10
 'Grand Cherokee',56
 'Truck',2
 'Reliant',21
 'MKS',12
 'Sterling',28
 'CTS',23
 'Vanagon',34
 'Aveo',4
 'Mazda3',24
 '330',22
 '924 S',43
 'Freelander',28
 'Murano',39
 'G3',18
 'Verona',27
 'RSX',36
 'G-Series G10',4
 'Grand Voyager',21
 'Grand Caravan',3
 'Aviator',12
 '300SE',15
 'Rally Wagon 1500',17
 'Venza',7
 '300ZX',39
 'Dakota',57
 'B2500',24
 'Familia',24
 'MP4-12C',58
 'xD',25
 'Versa',39
 'Savana 1500',17
 'Rabbit',34
 'Bronco II',10
 'Gemini',18
 'Escalade',23
 'Sierra 2500',17
 'Toronado',1
 'Dynasty',3
 'G8',18
 '944',43
 'Montego',14
 'LX',40
 'Rally Wagon 3500',17
 'Solstice',18
 'G55 AMG',15
 'Continental GT',59
 'Eclipse',2
 'Galaxie',10
 'Corsica',4
 'Mark LT',12
 'Tucson',60
 'Mountaineer',14
 'Blazer',4
 '430',6
 'RX-8',24
 'Metro',61
 'Falcon',10
 'Mazdaspeed6',24
 'Aerostar',10
 'Savana 2500',17
 'XG300',60
 'Range Rover',28
 'FX',9
 'Savana 3500',17
 'Commander',56
 'M-Class',15
 '960',38
 'S5',19
 '400E',15
 '200',20
 'Hearse',35
 'Envoy XUV',17
 'Firebird',18
 '200',19
 'GLC',24
 'Esprit',62
 '600SEC',15
 'Tiburon',60
 'G-Series G30',4
 'Cooper Clubman',11
 'Rondo',29
 'Pathfinder Armada',39
 'Sigma',2
 'Stratus',3
 'BRAT',47
 '3500 Club Coupe',17
 'Eurovan',34
 'Venture',4
 'Achieva',1
 'C-MAX Hybrid',10
 'E350',10
 'Grand Prix',18
 'Yaris',7
 'CR-X',31
 '400SEL',15
 '300SD',15
 'STS',23
 'Diablo',63
 'Highlander Hybrid',7
 'Montero',2
 '2500',57
 'Z4 M Roadster',22
 'F-350 Super Duty',10
 'Altima',39
 '1500 Club Coupe',17
 'LeBaron',20
 'Suburban 2500',4
 'A7',19
 '4000CS Quattro',19
 'Cutlass Cruiser',1
 '300C',20
 'Suburban 1500',4
 'Malibu Maxx',4
 'New Beetle',34
 'Previa',7
 'Mini',55
 'VUE',52
 '626',24
 'Sundance',21
 'Corrado',34
 'i-Series',5
 'Taurus X',10
 'Turbo Firefly',18
 'Millenia',24
 'Vitara',27
 'Excel',60
 'Ram Van B350',3
 'Express 3500',4
 'Classic',64
 'Nubira',65
 'Evora',62
 '9-7X',54
 'F-Series',10
 'Tribute',24
 'Quantum',34
 'Roadster',8
 'Daewoo Lacetti',27
 'SJ 410',27
 'Excursion',10
 'Ascender',5
 'Forester',47
 'Sentra',39
 'Z8',22
 'Impala',4
 'X5',22
 '929',24
 'Coupe Quattro',19
 'Prowler',20
 'E-350 Super Duty Van',10
 'Vue',52
 '612 Scaglietti',51
 'Torrent',18
 'Outlook',52
 'CL-Class',15
 'Verano',35
 'Intrigue',1
 'SC',40
 'SRX',23
 'Jimmy',17
 'Fiero',18
 'NSX',36
 'JUKE',39
 'V12 Vantage',30
 'Element',31
 'Riviera',35
 '911',43
 'Yukon XL 2500',17
 'Passat',34
 'GLK-Class',15
 '1500',57
 'Impulse',5
 'C70',38
 'Sprinter',15
 'S40',38
 'Stanza',39
 'FCX Clarity',31
 'Cayenne',43
 'MR2',7
 'Protege',24
 'TSX',36
 'Cabriolet',19
 'G',9
 'H3',50
 'Ram Van 3500',3
 'Spectra5',29
 'Scirocco',34
 'Tiguan',34
 '8 Series',22
 'Regal',35
 'Villager',14
 'Courier',10
 'F250',10
 'Aura',52
 'XF',26
 'Quest',39
 'Citation',4
 'Integra',36
 'GT500',13
 'Phaeton',34
 'RDX',36
 '90',19
 'Mohave/Borrego',29
 'Silverado 3500',4
 'Yukon XL 1500',17
 'Stealth',3
 'Clubman',11
 'Savana',17
 'Vandura 3500',17
 'Escape',10
 'Express',4
 '9-3',54
 'Camry Solara',7
 'Econoline E250',10
 'Sierra',17
 'Routan',34
 'TrailBlazer',4
 'Sky',52
 'Rally Wagon G3500',17
 'Lightning',10
 'Daytona',3
 'MDX',36
 'HED-5',60
 'XLR-V',23
 'Summit',66
 'M',22
 'Touareg 2',34
 'Ram Wagon B250',3
 'C8 Spyder Wide Body',67
 'Mulsanne',59
 'Acadia',17
 'Civic Si',31
 'Cherokee',56
 'RS4',19
 'Tribeca',47
 'Azure',59
 'Type 2',34
 'E-350 Super Duty',10
 'Continental GTC',59
 'Envoy XL',17
 'Sprinter',3
 'CX-5',24
 'LUV',4
 'CTS-V',23
 'Fit',31
 'Cougar',14
 'EX',9
 'Monterey',14
 '240',38
 'Spyder',6
 'Cube',39
 '600SEL',15
 'Aurora',1
 'V8',19
 'C8 Laviolette',67
 'Ram 3500',3
 'PT Cruiser',20
 'Navigator',12
 'Mark VII',12
 '6000',18
 'D250',3
 '4Runner',7
 'Alero',1
 'Impreza WRX',47
 'Outback',47
 'Concorde',20
 'Volt',4
 'Range Rover Evoque',28
 'F450',10
 'Expo',2
 'Sequoia',7
 '458 Italia',51
 'Ram Van 2500',3
 'Express 2500',4
 'Flex',10
 'Sonoma Club',17
 'Paseo',7
 'Electra',35
 'Vandura 1500',17
 '300CE',15
 'Golf III',34
 'Premier',66
 'Range Rover Classic',28
 'Safari',17
 'Accent',60
 'tC',25
 'Savana Cargo Van',17
 'Rocky',68
 'Sable',14
 'Q7',19
 'Touareg',34
 'GX',40
 'X3',22
 'S80',38
 'RS6',19
 'CLK-Class',15
 'Regency',1
 'Suburban 1500',17
 '500SEL',15
 'Yukon XL',17
 'Firefly',18
 'JX',9
 'VS Commodore',37
 'Xtra',7
 'Fortwo',69
 'Tempest',18
 'Escalade ESV',23
 'Protege5',24
 'RX-7',24
 '3500',17
 'Freestar',10
 'Vega',4
 'SLS-Class',15
 'Rendezvous',35
 'F-Series Super Duty',10
 'W126',15
 'S10 Blazer',4
 'Entourage',60
 'Shadow',3
 'EXP',10
 'H3',33
 'Leaf',39
 'APV',4
 'Rainier',35
 'IS',40
 'A5',19
 'Grand Am',18
 'Silverado 2500',4
 'Cavalier',4
 'Acclaim',21
 '300',20
 'Cutlass Supreme',1
 'Space',2
 'Del Sol',31
 '80',19
 'LTD Crown Victoria',10
 'Grand Prix Turbo',18
 'Oasis',5
 'H3T',50
 'G25',9
 'Uplander',4
 'Topaz',14
 '900',54
 'Mentor',29
 'Crossfire',20
 'F150',10
 'Type-1h',70
 'Avalon',7
 'Equinox',4
 'Legacy',47
 'i-290',5
 'Laser',21
 'Miata MX-5',24
 'BRZ',47
 'Countach',63
 'Challenger',2
 'CR-Z',31
 'Alliance',71
 'Xterra',39
 'DeVille',23
 '5000CS',19
 'LSS',1
 'Civic',31
 'Swift',27
 'Cobalt SS',4
 '280ZX',39
 'G-Series 3500',4
 'Gran Sport',6
 'Murcielago LP640',63
 'DBS',30
 '57S',41
 'RS 4',19
 'A8',19
 'Continental Super',59
 'Mazda6 Sport',24
 'Dakota',3
 'T100 Xtra',7
 'XC60',38
 '4000s',19
 'Voyager',20
 'C8 Spyder',67
 'GS',40
 'Prius Plug-in',7
 'IPL G',9
 'Avalanche 1500',4
 '228',6
 'Genesis',60
 'Cayman',43
 'Camry Hybrid',7
 'Cooper Countryman',11
 'Fury',21
 'CC',34
 'GT-R',39
 '300TE',15
 'Challenger',3
 'Silverado',4
 'Corolla',7
 'Rogue',39
 'i-280',5
 'D150',3
 'W123',15
 'Aztek',18
 'Odyssey',31
 'Vandura 2500',17
 'Ram 1500 Club',3
 'Panamera',43
 'Skylark',35
 'Focus ST',10
 'G6',18
 'HHR',4
 'Escalade EXT',23
 'Reno',27
 '750',22
 'Tempo',10
 'Continental Flying Spur',59
 'Aero 8',72
 'SJ',27
 'Ram 50',3
 'Amigo',5
 'Countryman',11
 '530',22
 '550',22
 'Cooper',11
 'M3',22
 'A6',19
 'Talon',66
 'Rally Wagon G2500',17
 'Compass',56
 'Solara',7
 'Monza',4
 'Mark VIII',12
 'Econoline E350',10
 '1500',4
 'Sportvan G20',4
 'Insight',31
 'Quattro',19
 'Somerset',35
 '5000CS Quattro',19
 'RL',36
 'GTO',18
 'Brat',47
 'Titan',39
 'Navigator L',12
 'Tracker',61
 'Rodeo Sport',5
 'Bronco',10
 'VehiCROSS',5
 'Marauder',14
 'Forenza',27
 'Eos',34
 'Sunbird',18
 'Expedition',10
 'S60',38
 'C/V',57
 'Camry',7
 'Elise',62
 'Liberty',56
 '370Z',39
 'del Sol',31
 'G37',9
 'Avalanche',4
 'Crown Victoria',10
 'Defender 90',28
 '940',38
 '88',1
 '3 Series',22
 'Th!nk',10
 'Sierra Hybrid',17
 'D250 Club',3
 'Aspire',10
 'Enclave',35
 'Storm',61
 'CL',36
 'Sierra 1500',17
 'ZX2',10
 'Neon',3
 'Genesis Coupe',60
 'CX',44
 '740',38
 '599 GTB Fiorano',51
 'Mustang',10
 'Zephyr',12
 'New Yorker',20
 'Colorado',4
 'Explorer Sport',10
 'R8',19
 'Vibe',18
 'Vision',66
 'Scoupe',60
 'Trooper',5
 'Colt Vista',21
 'Elan',62
 'Ridgeline',31
 'GT',10
 'Beretta',4
 'RS 6',19
 'Mazda2',24
 'M6',22
 'Relay',52
 'Silverado 1500',4
 'Montana SV6',18
 'Durango',3
 '300M',20
 'Taurus',10
 'R-Class',15
 'D350',3
 'Prelude',31
 'Sunfire',18
 'Rio5',29
 'MPV',24
 '300E',15
 'Sonata',60
 'Viper',3
 'Lanos',65
 '300D',15
 'Biturbo',6
 'Ram Van B150',3
 'Intrepid',3
 'Fusion',10
 'Escort ZX2',10
 'QX',9
 'Continental',12
 'Elantra',60
 'Sierra 3500',17
 'Ramcharger',3
 'Rio',29
 'Skyhawk',35
 '645',22
 'Typ-1',70
 '4000s Quattro',19
 'California',51
 'Milan',14
 'Chariot',2
 'Beetle',34
 'Sparrow',73
 'Reventon',63
 'Lucerne',35
 'D150 Club',3
 'Ram Van B250',3
 'MKT',12
 'riolet',34
 'Equator',27
 'Excel',2
 'Vantage',30
 'Gallardo',63
 'Karif',6
 'Prius Plug-in Hybrid',7
 'Forte',29
 'Daewoo Magnus',27
 'Expo LRV',2
 'Sprinter 3500',15
 'Brooklands',59
 'Prius v',7
 'MAZDA6',24
 'MGB',74
 'Bel Air',4
 'Econoline E150',10
 'Prius c',7
 'GT500',10
 'Traverse',4
 'SLS AMG',15
 'Brougham',23
 'Mazdaspeed 3',24
 'Five Hundred',10
 'GTO',2
 'Patriot',56
 'MKX',12
 'Diamante',2
 'V8 Vantage',30
 'LaCrosse',35
 'Expedition EL',10
 '200SX',39
 '350Z Roadster',39
 'LR3',28
 '100',19
 'Fiesta',10
 'IS-F',40
 'Defender',28
 'Fleetwood',23
 'Ram Wagon B150',3
 'Axiom',5
 '2500 Club Coupe',17
 '500',75
 '5000S',19
 'Malibu',4
 'riolet',19
 'Tracer',14
 'i-350',5
 'S6',19
 '924',43
 'Sonoma Club Coupe',17
 'Mariner',14
 'S70',38
 'Bonneville',18
 'Suburban 2500',17
 'Esteem',27
 'Corvair',4
 'Lumina',4
 'Cressida',7
 'Ion',52
 'Ram 1500',3
 '7 Series',22
 'NV3500',39
 'H1',50
 'Maxima',39
 'Discovery Series II',28
 'Santa Fe',60
 'Defender Ice Edition',28
 'SX4',27
 'Avalanche 2500',4
 'Azera',60
 'Supra',7
 'Galant',2
 'Highlander',7
 'X-Type',26
 'Comanche',56
 'Capri',14
 'Celica',7
 'Tundra',7
 'Ipsum',7
 'Mini Cooper',55
 'Laser',10
 'Legend',36
 '57',41
 'Vigor',36
 'Terraza',35
 'Matrix',7
 'Explorer',10
 'Borrego',29
 '500SL',15
 'Cruze',4
 'Alcyone SVX',47
 'Veloster',60
 'Azure T',59
 'XT',47
 'A3',19
 'Prizm',61
 'G-Series 2500',4
 'Vandura G1500',17
 'Tundra',2
 'Colt',3
 'XG350',60
 'SLX',36
 'Sierra Denali',17
 '650',22
 'V70',38
 'S8',19
 'Tacoma Xtra',7
 'Journey',3
 'Ram 2500 Club',3
 'Spirit',3
 'CT',40
 'Ranger',10
 'LeSabre',35
 'Sierra 3500HD',17
 'T100',7
 'Grand Vitara',27
 'Veracruz',60
 'LR2',28
 'C8',76
 'Minx Magnificent',77
 'Colt',21
 '240SX',39
 'Caprice',4
 'Monte Carlo',4
 'Contour',10
 'Roadmaster',35
 '2500',4
 'Baja',47
 'Neon',21
 '98',1
 'Equus',60
 'X5 M',22
 'E-Class',15
 'Sorento',29
 'S2000',31
 'Esprit Turbo',62
 'Range Rover Sport',28
 'Arnage',59
 'CX-7',24
 'Carrera GT',43
 'Fairlane',10
 'Exige',62
 'C-Class',15
 'Prizm',4
 '1500',17
 'DB9 Volante',30
 'Aventador',63
 'DB9',30
 'Astra',52
 'Classic',4
 '500E',15
 'S90',38
 '3500',57
 'Mazda5',24
 '300SL',15
 'Precis',2
 'Daewoo Kalos',18
 'S10',4
 'W201',15
 'Trailblazer',4
 'Chevette',18
 'SLK-Class',15
 'Mirage',2
 'Leganza',65
 'Aspen',3
 'Marquis',14
 'Seville',23
 'Sportvan G30',4
 'Sonoma',17
 'Ghost',48
 'Caliber',3
 'Q',9
 'F430',51
 'C8 Double 12 S',67
 'MX-6',24
 'Z3',22
 'Ciera',1
 'TH!NK',10
 '9-2X',54
 'Sixty Special',23
 'SLR McLaren',15
 'Carens',29
 'F-250 Super Duty',10
 '207',78
 'XL7',27
 'Catera',23
 'Firebird Formula',18
 '9-5',54
 'XR4Ti',79
 'Mazda6 5-Door',24
 'RAV4',7
 'RX Hybrid',40
 'FJ Cruiser',7
 '850',38
 'GranTurismo',6
 'Space',5
 'rio',34
 'LS Hybrid',40
 'Jetta',34
 'Monterey',18
 'Montana',18
 '3000GT',2
 'STS-V',23
 'Veyron',80
 'i-370',5
 'M',9
 'Monaco',3
 '914',43
 'Mighty Max',2
 'Z4 M',22
 'Jetta III',34
 'S-Series',52
 'Impreza',47
 'IS F',40
 'XK',26
 '400SE',15
 'Crossfire Roadster',20
 'Country',10
 'Mazda6',24
 'Sierra 2500HD',17
 'Fifth Ave',20
 'Starion',2
 'Canyon',17
 'V90',38
 'L300',2
 'Leone',47
 'Caprice Classic',4
 'C30',38
 'Horizon',21
 'Sidekick',27
 'Silverado Hybrid',4
 'D350 Club',3
 '6 Series',22
 'V50',38
 'Charade',68
 '968',43
 'FF',51
 'Golf',34
 '500SEC',15
 '2e',70
 'Grand Voyager',20
 '525',22
 'Raider',2
 'Cabriolet',34
 'Estate',35
 'Kizashi',27
 'Tracker',4
 'Tercel',7
 'Volare',21
 'TL',36
 'F430 Spider',51
 'Edge',10
 'Outback Sport',47
 'Wrangler',56
 'Ram',3
 'Discovery',28
 'Vandura G3500',17
 'Vanquish S',30
 'Nuova 500',81
 'Continental',59
 'Corvette',4
 'Tredia',2
 'XL-7',27
 'XK Series',26
 'Tacoma',7
 'Alpina B7',22
 'LFA',40
 'Breeze',21
 '600SL',15
 'Continental Mark VII',12
 'Sedona',29
 'LR4',28
 'B9 Tribeca',47
 'Cobalt',4
 'Suburban',4
 'SL65 AMG',15
 'TundraMax',7
 'Murcielago',63
 'ES',40
 'cube',39
 'LeMans',18
 'Pacifica',20
 '80/90',19
 'Virage',30
